{"cameraMode":{"drawMode":0,"name":"Shaded","section":"Shading Mode"},"sceneLighting":true,"audioPlay":false,"sceneViewState":{"showFog":false,"showMaterialUpdate":false,"showSkybox":false,"showFlares":false,"showImageEffects":false,"showParticleSystems":false,"showVisualEffectGraphs":true,"m_FxEnabled":true},"in2DMode":false,"pivot":{"x":0.012431412935256958,"y":1.5402705669403077,"z":-2.978830575942993},"rotation":{"x":0.10744302719831467,"y":0.024457372725009919,"z":0.0025420202873647215,"w":-0.9938168525695801},"size":1.703204870223999,"orthographic":false}