{"cameraMode":{"drawMode":0,"name":"Shaded","section":"Shading Mode"},"sceneLighting":true,"audioPlay":false,"sceneViewState":{"showFog":false,"showMaterialUpdate":false,"showSkybox":false,"showFlares":false,"showImageEffects":false,"showParticleSystems":false,"showVisualEffectGraphs":true,"m_FxEnabled":true},"in2DMode":false,"pivot":{"x":0.05123613774776459,"y":-0.1932714283466339,"z":1.4444384574890137},"rotation":{"x":-0.07522547245025635,"y":0.014058822765946389,"z":-0.0010219858959317208,"w":-0.9969791173934937},"size":0.885834813117981,"orthographic":false}